product,latitude,longitude,receita,name,quantidade
Vegetable - Base,13.6954096,100.5127381,471,Mireielle,7
Cake Slab,37.3,85.5,492,Mahala,8
Onions Granulated,31.919928,35.036911,416,Ealasaid,29
Tomato Paste,49.8752681,14.6777303,329,Florida,20
Bread - Crusty Italian Poly,51.6396221,14.999633,301,Rena,40
"Wine - Magnotta - Red, Baco",27.622444,112.410417,141,Nonnah,26
Cheese - Parmigiano Reggiano,-30.5454936,-52.5257016,402,Debera,26
Scallops - In Shell,34.477513,107.148314,143,Mag,6
Mcguinness - Blue Curacao,-38.0123723,-57.5938573,367,Allix,50
Beef - Ox Tongue,31.150681,121.124178,157,Iris,11
"Chocolate - Pistoles, Lactee, Milk",48.5975789,2.4626489,421,Charita,11
Flour - Pastry,6.9725887,-72.4731529,150,Abagael,18
"Tortillas - Flour, 12",-6.846562,107.601407,155,Elga,10
Cheese Cloth,52.671181,18.78031,438,Loralyn,48
Wine - Sauvignon Blanc Oyster,-8.0580651,-79.0552494,428,Kissee,17
Sprouts - Brussel,43.7633364,26.6950125,312,Florie,34
Gatorade - Cool Blue Raspberry,48.7803815,2.4549884,488,Meggi,50
Rice - Wild,51.4695254,22.9549933,289,Olympe,13
Muffin Batt - Blueberry Passion,59.4084121,16.3732686,235,Kay,4
Capicola - Hot,-7.1143481,-78.8226909,334,Lilian,8
Vaccum Bag - 14x20,52.8498651,-8.9821467,218,Alie,49
Soup Campbells Beef With Veg,30.214647,20.1402594,231,Ollie,3
Quail - Jumbo,35.5138298,24.0180367,484,Roxanna,47
Wine - Barossa Valley Estate,31.466526,116.952766,289,Pearl,39
Toothpick Frilled,-6.1923925,106.8218403,368,Pepi,26
"Beets - Candy Cane, Organic",17.0516148,-13.9114989,468,Iris,13
Oven Mitts 17 Inch,36.8539304,115.989656,227,Nadya,23
Cleaner - Pine Sol,51.3309754,19.3744004,219,Elmira,34
Croissants Thaw And Serve,28.0093247,120.6569721,275,Jackie,42
"Pork - Chop, Frenched",13.3793771,-88.3506468,442,Bertie,14
Worcestershire Sauce,29.270311,88.880492,499,Mufinella,47
Chocolate - Dark Callets,-7.193833,-78.426165,376,Maryann,11
Mix Pina Colada,-6.4930095,106.3875898,254,Alidia,8
Eggs - Extra Large,-8.370899,123.7014716,459,Krystal,1
"Artichoke - Bottom, Canned",-21.1393418,-175.204947,494,Kellsie,48
"Soup - Knorr, Country Bean",40.400903,116.771211,434,Etti,46
Sweet Pea Sprouts,-30.9738956,-54.6847647,374,Sallie,33
Mustard Prepared,29.6237766,-95.4830243,300,Jewel,27
"Wine - Red, Wolf Blass, Yellow",-7.3475648,108.1576908,419,Kimberley,40
Wine - Zinfandel California 2002,35.1852624,35.9533322,245,Beverlie,50
"Cherries - Bing, Canned",27.917263,118.541256,350,Tera,29
Bread - Ciabatta Buns,-8.8512,121.6439,350,Casey,1
Beef - Eye Of Round,27.690732,111.45269,316,Libbi,38
"Sparkling Wine - Rose, Freixenet",24.67964,102.71159,371,Bernita,16
Peas - Frozen,20.3609414,106.5584071,404,Rea,36
Apple - Granny Smith,40.2947998,72.1860386,173,Constantina,1
Juice Peach Nectar,48.0545221,23.623662,462,Nikaniki,15
Plastic Arrow Stir Stick,-10.2313205,-67.2847875,247,Malia,22
"Turkey - Whole, Fresh",-7.2739902,108.1250791,241,Margaretha,33
Veal - Sweetbread,50.5504728,20.0561066,447,Tami,39
Mountain Dew,21.3325846,105.7233814,133,Fayth,3
Cake Sheet Combo Party Pack,8.235581,123.8545713,228,Marjy,34
Cheese - Goat With Herbs,34.2589679,108.9773385,414,Jackie,7
Foam Tray S2,30.7919022,66.6348007,284,Elmira,25
Extract Vanilla Pure,39.2937264,-76.6248739,254,Vivianne,35
Oil - Avocado,37.2944409,62.3682506,385,Jobyna,26
Nutmeg - Ground,-8.2334215,114.3787108,154,Gisele,17
Beef - Salted,3.01334,-76.643755,113,Sally,34
Kumquat,24.64995,116.156645,347,Shandra,3
Liners - Baking Cups,48.890054,2.2372792,189,Rosene,21
Tobasco Sauce,-6.5823,105.8508,391,Juliette,17
Dill Weed - Fresh,33.2464649,131.5825056,158,Jsandye,4
Cocoa Feuilletine,-27.6711693,30.3089541,496,Merrili,4
"Wine - Red, Concha Y Toro",14.5180441,121.0350642,276,Aurlie,6
Ice Cream - Fudge Bars,24.70521,97.931954,183,Jesselyn,34
Water Chestnut - Canned,65.957138,78.344864,342,Philomena,5
Sprouts - Pea,39.026091,-95.7226884,244,Lari,7
Pepper - Red Bell,34.050751,-118.3841777,382,Andee,27
"Pasta - Rotini, Dry",39.7007906,140.9596925,232,Sarah,48
Wine - Beringer Founders Estate,-6.8639965,107.6067354,141,Fanchette,7
Soup - Campbells Mushroom,38.942367,117.059325,459,Ariela,45
Flour - Rye,56.4808469,43.5438088,216,Blanch,30
"Salmon - Atlantic, Skin On",-15.81143,-72.858566,372,Enrika,28
"Asparagus - White, Canned",55.6583701,39.8653499,409,Celisse,35
Drambuie,35.543089,106.550593,491,Rochell,42
Steel Wool,41.1154773,-7.5627051,136,Mirna,3
Shortbread - Cookie Crumbs,38.5261686,141.0953438,315,Alida,17
Tuna - Bluefin,31.223878,121.524135,135,Charis,21
Cranberries - Frozen,4.4495458,11.9062829,418,Timothea,29
Mushroom - Crimini,-13.9792358,-71.4165779,336,Shina,33
Tea - Decaf 1 Cup,-10.2043297,123.6819029,430,Keeley,24
Nestea - Iced Tea,23.365556,116.70345,151,Bettye,47
Extract - Lemon,1.4745288,124.8441178,353,Candy,28
Wine - Ruffino Chianti,36.599744,101.803717,362,Blancha,33
Ecolab - Lime - A - Way 4/4 L,-8.8993,121.2901,484,Berty,26
Apple - Granny Smith,30.521605,111.592073,239,Daniele,3
"Red Snapper - Fillet, Skin On",47.0203207,-68.1435046,294,Juliann,1
Kippers - Smoked,22.7537259,91.714958,266,Iolande,20
"Beef - Bones, Cut - Up",-10.8323027,-38.1899782,282,Karia,18
Flour - Strong Pizza,14.1163511,121.2225723,208,Trix,45
Chips - Potato Jalapeno,16.6036472,103.0472164,144,Cherilynn,9
Syrup - Monin - Blue Curacao,14.347522,120.9245309,367,Magdalena,42
Yokaline,37.026945,111.916711,464,Lula,47
Tea - Herbal Orange Spice,45.8630194,5.947966,105,Sheryl,35
Wine - Touraine Azay - Le - Rideau,-11.0646689,-37.4894776,455,Donella,31
Halibut - Steaks,39.1168675,-9.2011356,481,Gusella,4
Energy Drink - Franks Pineapple,42.4573467,18.6442835,255,Ainslie,6
Vodka - Smirnoff,50.4216642,14.3468802,154,Corry,30
Swiss Chard,23.4024253,117.1166128,362,Bertina,44
Bread - White Mini Epi,42.1241764,-80.08181,253,Aundrea,9
Juice - Propel Sport,18.467605,-69.911527,336,Amelie,29
Lotus Leaves,-25.2952784,-54.0932225,244,Ninon,24
Beer - Mill St Organic,46.3621517,14.3083372,439,Annette,10
Sherbet - Raspberry,37.697794,112.708224,423,Sashenka,47
Calypso - Pineapple Passion,-6.8,106.183333,193,Larisa,24
Shrimp - Black Tiger 16/20,31.89609,35.08178,170,Merlina,40
Cookie Dough - Double,37.6703123,140.6062909,458,Doroteya,47
Ketchup - Tomato,14.0707852,120.7601581,241,Shellie,46
Extract - Lemon,14.6539775,121.0288525,404,Arliene,38
Coffee Caramel Biscotti,14.0603353,-88.6952444,260,Mariele,41
Relish,14.7121689,-88.0876336,439,Livvy,42
Cookies - Fortune,30.297791,111.500774,411,Julieta,38
Bag Stand,19.6478178,-71.0998393,201,Gail,11
"Pasta - Lasagne, Fresh",25.784135,104.953062,201,Katrine,25
"Wine - Harrow Estates, Vidal",51.9094928,5.4352554,446,Wren,2
Lemon Tarts,5.5304798,95.3286078,302,Audrie,49
Coffee Beans - Chocolate,53.1001509,34.0612529,116,Chloette,30
Oysters - Smoked,55.536259,37.5985159,260,Sonni,40
Appetizer - Escargot Puff,23.3362272,112.7222244,437,Arliene,34
Bread - Rosemary Focaccia,51.1461168,7.1220857,461,Veradis,22
Wine - German Riesling,56.6695343,12.7347961,279,Mireielle,27
"Beef - Ground, Extra Lean, Fresh",51.954075,85.800614,340,Mariam,12
"Oil - Shortening,liqud, Fry",7.3756564,125.8610989,368,Caro,1
Propel Sport Drink,32.501495,119.196466,242,Eran,6
"Beef - Ox Tail, Frozen",-6.8187311,111.4723041,163,Larine,24
Tomatoes - Heirloom,-24.6258027,30.7565467,349,Rosalind,48
Wine - Cousino Macul Antiguas,34.379742,117.788836,265,Angeline,47
Lamb Tenderloin Nz Fr,19.5250552,-99.1712174,150,Ilise,40
Cup - Translucent 7 Oz Clear,57.9084788,14.0698012,310,Jesse,3
Garlic Powder,26.5807374,106.7152864,241,Quentin,22
Soup V8 Roasted Red Pepper,26.641315,100.222545,216,Kaja,49
Instant Coffee,56.412767,16.0115323,228,Jaynell,10
Mix Pina Colada,66.14511,-65.71252,403,Kissee,1
Creme De Menth - White,61.549558,23.5960975,205,Tiffy,20
Wanton Wrap,25.8447931,51.2453739,112,Daffy,1
Puff Pastry - Slab,22.826877,107.840624,363,Blakeley,14
Higashimaru Usukuchi Soy,47.0203207,-68.1435046,450,Geralda,6
Sage Derby,42.0445765,-8.4388534,385,Beitris,4
Tequila - Sauza Silver,9.4423308,118.2452273,272,Bernadene,32
"Pork - Back, Long Cut, Boneless",69.0474473,33.2898473,114,Lesly,38
Wine - Jackson Triggs Okonagan,-6.9069547,107.5593913,138,Dorise,45
Island Oasis - Strawberry,-8.0685658,111.6809778,314,Helga,17
Pastry - Apple Muffins - Mini,-7.6589782,110.5394227,169,Davida,1
Nantucket - Pomegranate Pear,19.4102526,-99.0073673,187,Con,6
Lid Coffeecup 12oz D9542b,10.04208,11.21814,138,Stephine,29
Mince Meat - Filling,10.3296345,37.7343987,311,Alfreda,48
Piping Jelly - All Colours,-26.7761609,-51.0124989,304,Ursa,11
Wine - Ruffino Chianti,-8.1054,113.2827,303,Zora,50
Rye Special Old,4.6147368,21.8866683,185,Enrichetta,32
"Pasta - Lasagna Noodle, Frozen",41.6503132,19.620782,339,Dot,25
Rappini - Andy Boy,-10.3023,123.710098,280,Berenice,48
Pastry - Carrot Muffin - Mini,28.34343,120.489051,364,Jasmine,43
"Wine - Red, Gallo, Merlot",60.3560649,5.3446343,443,Ted,44
Wanton Wrap,33.9616991,113.2193846,422,Mollee,48
Amaretto,59.4430147,29.4885599,432,Dosi,46
Madeira,13.7032564,44.7334536,301,Dore,14
Towel Dispenser,41.3910706,23.200121,403,Ingeberg,49
Molasses - Fancy,13.9192331,121.4256292,269,Chastity,41
"Pasta - Rotini, Colour, Dry",58.9607635,57.6558829,175,Alberta,50
"Ice - Clear, 300 Lb For Carving",29.805107,106.395612,424,Jessa,23
Coffee Cup 16oz Foam,47.8890778,-2.8357471,450,Ernestine,5
Puree - Passion Fruit,-6.7728847,110.816549,216,Sean,27
Cleaner - Comet,38.093189,114.478864,267,Jana,14
Chocolate - Mi - Amere Semi,43.8139627,1.9593782,286,Sarajane,42
Mushroom - Morel Frozen,21.5149423,-78.219132,499,Casey,24
"Bread - White, Unsliced",60.0298805,37.8057169,122,Kayle,13
Pastry - French Mini Assorted,39.1168675,-9.2011356,371,Amabel,50
Bagel - Everything Presliced,-6.9098723,107.1955974,295,Starr,29
Vaccum Bag 10x13,59.375207,17.0534187,463,Milicent,46
"Soup - Cream Of Broccoli, Dry",25.797213,107.641422,475,Ava,17
Sterno - Chafing Dish Fuel,-12.883333,-74.466667,420,Terese,50
Soup - Campbells Mac N Cheese,38.3204422,141.0226267,476,Karine,49
Leeks - Large,29.552115,103.765678,362,Robinet,20
Broom - Angled,40.4092617,49.8670924,121,Kelcy,46
Pork Salted Bellies,33.195993,105.606648,178,Yettie,18
Horseradish Root,22.517585,113.39277,207,Demetra,11
Honey - Comb,19.5037694,-99.1324282,192,Adriena,28
"Olives - Black, Pitted",22.543096,114.057865,440,Carmen,34
Milk - Chocolate 250 Ml,30.63166,114.040353,428,Ula,41
Bar Bran Honey Nut,12.6679167,123.9881642,182,Camel,38
Filling - Mince Meat,59.2452899,18.2238211,493,Rorie,12
Crab - Meat,-7.5450262,111.6556388,185,Madelin,14
Wine - Magnotta - Bel Paese White,32.8449406,36.2251116,389,Ruth,29
Aspic - Amber,54.3886617,-1.555363,348,Agna,27
Mustard - Seed,3.6020791,98.4683053,449,Gertrude,29
Bread - Olive,-11.3801768,-40.0068953,375,Edeline,21
Initation Crab Meat,41.04671,-8.52129,394,Klarrisa,48
Wine - Vineland Estate Semi - Dry,-6.8739016,-35.4562795,354,Julianne,22
"Pepsi - Diet, 355 Ml",22.646141,107.494838,366,Olivia,8
Milk - Chocolate 250 Ml,54.3202047,19.5273042,474,Winnah,3
Tea - Decaf Lipton,31.93592,35.005,382,Kirby,41
Mints - Striped Red,13.9214806,-86.1268337,272,Tasia,32
Salt - Sea,13.2012186,100.9380801,311,Shanon,8
Vol Au Vents,65.3244225,21.4323137,148,Avrit,10
Icecream - Dibs,29.978387,121.449972,244,Kali,28
Cake - Cake Sheet Macaroon,52.55694,17.0351289,422,Alexandrina,27
Sambuca - Opal Nera,33.9769138,132.7764778,407,Nell,14
"Veal - Tenderloin, Untrimmed",45.8235836,20.1844504,210,Sharity,20
"Lemonade - Strawberry, 591 Ml",11.0537247,125.0332235,451,Lauretta,18
V8 - Berry Blend,43.0712553,46.5659164,405,Katy,46
Carrots - Mini Red Organic,-7.0138053,108.5700636,450,Sonnie,17
The Pop Shoppe - Grape,46.190375,126.656651,358,Juli,13
"Squash - Pattypan, Yellow",46.0473698,16.9785233,376,Heddie,44
Soup Campbells Beef With Veg,0.0514721,37.6456042,324,Delphinia,29
Juice - Prune,-12.8528438,-38.3271112,420,Betta,28
Ice Cream - Super Sandwich,35.6759137,10.0919243,423,Megen,50
Dr. Pepper - 355ml,-6.1103661,106.1639749,404,Anya,34
Wasabi Powder,38.8794495,-6.9706535,387,Marleah,39
Muffin - Mix - Bran And Maple 15l,40.1555525,44.0388482,353,Moina,49
Lotus Leaves,-7.167974,108.5077307,402,Adelice,47
"Napkin - Cocktail,beige 2 - Ply",14.5008343,121.0485932,221,Donetta,20
Daves Island Stinger,37.444498,114.498761,342,Coletta,30
Bandage - Fexible 1x3,12.8371919,-4.9221114,454,Rani,17
Squid U5 - Thailand,-8.328331,122.9930557,269,Olympe,47
Chives - Fresh,30.3312397,120.1534039,371,Carolina,7
Sugar - Icing,31.070643,113.943274,381,Allx,18
Cranberry Foccacia,31.77,-106.43,484,Vera,31
Compound - Pear,-8.2,114.5,411,Laetitia,43
"Pork - Tenderloin, Fresh",5.329576,103.1369108,142,Ellyn,46
Lid Coffeecup 12oz D9542b,-8.1553145,111.8270486,162,Filia,14
"Zucchini - Mini, Green",-14.0874587,-75.762586,325,Karol,39
Bread Cranberry Foccacia,49.8905368,2.3081396,220,Megen,6
Dried Cherries,-8.4507433,115.3219823,133,Ruthi,21
Bandage - Fexible 1x3,53.1310185,-6.7449927,435,Mada,38
Wine - Alicanca Vinho Verde,-8.2600716,124.423984,364,Marianne,37
Grand Marnier,-7.4209758,108.439474,379,Cal,20
Butter Ripple - Phillips,7.579029,-75.349545,328,Lara,4
Water - Spring 1.5lit,49.059828,6.154795,299,Brigida,17
Raspberries - Frozen,48.2240339,23.9298885,388,Vivyanne,24
Fruit Mix - Light,48.3611707,27.0855305,311,Janella,47
Appetizer - Mango Chevre,14.5823299,120.9946341,158,Veradis,15
Onions - Vidalia,-8.7080752,115.1808171,414,Effie,39
Wine - Magnotta - Belpaese,11.9050612,-86.0962783,282,Lauretta,43
"Lettuce - Mini Greens, Whole",-31.782493,-70.9607105,279,Robbin,49
Rolled Oats,35.343194,107.367016,475,Alys,36
Beer - Heinekin,13.5776734,100.6149501,454,Shawnee,4
Tamarind Paste,40.4210295,20.2616268,334,Carmelle,39
Cake - French Pear Tart,-10.7687519,122.9944636,265,Sandie,44
Eggplant - Asian,15.7015084,104.6448531,281,Maddalena,9
Lettuce - Iceberg,40.9951643,-7.4476838,203,Mia,13
Rice - Aborio,10.796589,-74.915036,491,Ki,31
Absolut Citron,38.0987438,23.8790184,361,Ethyl,16
Coffee - Dark Roast,30.4124334,-84.2831162,212,Kris,5
Pork Salted Bellies,19.1922834,-96.1679447,250,Lidia,17
Wine - Penfolds Koonuga Hill,32.331736,116.273391,350,Kassia,40
Pineapple - Regular,27.644731,111.554576,471,Sophia,19
"Pepper - Paprika, Hungarian",48.922709,2.3425328,360,Rhoda,8
Melon - Watermelon Yellow,42.4678076,-70.9844,421,Gretna,48
Water - San Pellegrino,7.6,-80.733333,255,Charin,33
Blueberries,49.6246813,19.1833654,329,Agnese,48
Cheese - Comte,3.723827,-75.483979,307,Berny,18
Beef Tenderloin Aaa,46.2952236,30.6480855,284,Marys,34
"Cup - 6oz, Foam",55.7598466,37.6483532,389,Silvie,44
"Vermouth - White, Cinzano",-34.5377407,-58.5521828,134,Flossie,22
Cream - 10%,13.8018124,8.98527,177,Alana,9
Wine - Vineland Estate Semi - Dry,49.6892539,18.3276256,215,Janel,50
"Syrup - Golden, Lyles",23.115358,102.74674,106,Malinda,20
"Potatoes - Yukon Gold, 80 Ct",-8.669071,115.213781,386,Annora,2
"Lemonade - Strawberry, 591 Ml",-7.7194317,109.0007407,193,Alanna,12
Herb Du Provence - Primerba,41.3360854,47.1318069,348,Sybyl,42
Strawberries,50.2940131,13.9874928,273,Harriott,43
Curry Paste - Madras,-34.5869807,-58.5484437,184,Harriot,48
Filter - Coffee,14.5042265,120.9969782,483,Casi,18
Food Colouring - Green,-19.9454604,-43.4876311,273,Siana,41
Wine - Dubouef Macon - Villages,32.421701,35.386433,181,Auria,47
Heavy Duty Dust Pan,-37.758979,176.4495638,424,Lisbeth,9
Sprouts - Alfalfa,23.105394,113.874335,338,Vin,19
Cheese - Le Cru Du Clocher,37.0909826,138.1698009,158,Naoma,28
Ketchup - Tomato,49.4424226,34.6731345,498,Linzy,43
Cardamon Seed / Pod,19.5959923,-99.2820233,179,Kesley,28
Spice - Onion Powder Granulated,47.4098736,32.4412263,128,Natka,32
Daves Island Stinger,50.87526,18.41472,283,Abagail,9
Ecolab - Solid Fusion,14.0899827,101.2750531,475,Dagmar,43
Container - Hngd Cll Blk 7x7x3,40.417311,21.0565269,243,Emilee,27
Emulsifier,47.7008606,106.9577199,432,Robinett,17
Beef - Rib Eye Aaa,39.6611469,20.1789757,175,Robinet,9
Syrup - Pancake,37.9058553,139.8418907,155,Dari,3
"Red Snapper - Fresh, Whole",37.5943124,127.1295646,447,Jenine,29
Appetizer - Veg Assortment,28.3430508,121.5724869,456,Anya,7
Container Clear 8 Oz,67.9547288,23.6829386,375,Taryn,50
Jolt Cola - Red Eye,-21.9111483,-56.4719928,119,Ayn,6
Tahini Paste,31.2303904,121.4737021,242,Gabriell,9
Pear - Halves,13.9894141,121.1394301,378,Rosanne,38
Table Cloth 144x90 White,41.737365,140.5800948,299,Kyla,24
"Seedlings - Buckwheat, Organic",48.9154732,16.8550346,429,Modestine,34
Lettuce - Romaine,14.5410506,100.6985155,100,Abbye,25
Ezy Change Mophandle,36.1,-115.07,395,Val,1
"Flour - Corn, Fine",25.721143,119.384334,176,Sella,27
Monkfish - Fresh,-9.101629,124.9120662,141,Noelani,5
"Quail - Whole, Bone - In",45.8697083,43.3478599,439,Melva,11
Pecan Raisin - Tarts,32.7526842,-97.3264658,346,Remy,3
"Lamb - Leg, Boneless",50.3171905,2.801236,215,Dulce,17
Apricots - Dried,55.8824,37.489685,198,Xenia,27
"Star Anise, Whole",53.4413995,19.0963213,100,Nisse,35
"Nut - Pecan, Pieces",50.10186,19.42228,322,Ninnetta,45
"Shrimp - 21/25, Peel And Deviened",30.83537,115.636717,338,Lishe,20
"Vodka - Hot, Lnferno",40.4234188,-8.7397233,216,Korney,4
"Syrup - Golden, Lyles",43.2367913,21.5915831,350,Elna,24
Carbonated Water - Lemon Lime,0.0319573,-78.1507423,134,Robinet,33
Jolt Cola - Electric Blue,31.2141834,121.4561966,343,Juditha,39
Cheese Cloth,-8.328435,124.402271,497,Conny,5
Beef Striploin Aaa,49.0026196,132.4671327,244,Teddi,42
Potatoes - Peeled,52.0563021,4.3610449,102,Mirna,48
Chinese Foods - Chicken Wing,49.80941,24.901371,197,Rozalin,4
Wine - George Duboeuf Rose,51.6711341,20.1795118,398,Dolli,41
Juice - Lime,31.140969,97.17202,374,Ariadne,24
"Jam - Marmalade, Orange",40.5854429,-8.6170601,364,Sibelle,41
"Stock - Beef, White",-7.3305972,108.7422767,462,Paola,34
"Olives - Green, Pitted",3.1523104,101.7178316,118,Alanna,7
Bar Energy Chocchip,54.7669,-111.96861,117,Constancia,41
Sherry - Dry,-7.9531596,111.207,191,Rachele,31
Parsley Italian - Fresh,60.5717591,26.050814,452,Bernelle,18
Flour - Masa De Harina Mexican,49.6546211,17.1296944,187,Emmaline,22
Cheese - Valancey,-30.3078,27.10324,396,Randee,18
Flower - Carnations,40.0982704,139.9803194,261,Zonnya,17
Croissants Thaw And Serve,37.520481,115.251124,215,Carlynn,29
"Apple - Delicious, Golden",34.477861,110.084789,452,Augusta,16
Cabbage Roll,-27.9094431,-53.3122927,119,Claribel,31
Table Cloth 53x53 White,52.9480781,-7.0472382,125,Wandie,44
"Marsala - Sperone, Fine, D.o.c.",49.290817,16.2263509,178,Florencia,7
Chips Potato Reg 43g,55.7538999,37.6451342,481,Viviene,15
Allspice - Jamaican,-8.6603,117.1735,341,Abigail,16
Beef - Ground Medium,49.2210669,17.5873433,302,Noni,49
Truffle Cups Green,42.4379175,24.1808285,307,Magdalena,17
Apron,34.799642,103.202869,319,Shanie,26
Munchies Honey Sweet Trail Mix,27.568278,117.562238,479,Ashly,42
Sauce - Demi Glace,29.756501,121.507191,461,Ally,38
Chips - Miss Vickies,36.6484118,9.6146499,383,Tilda,49
Foil - 4oz Custard Cup,32.840217,117.229368,206,Dotti,47
"Pasta - Cappellini, Dry",41.3940988,-8.0276048,290,Shannen,46
Arrowroot,50.5580426,136.9943857,258,Korney,13
Puree - Pear,-18.7307117,-47.4916674,212,Carol,45
"Wine - White, French Cross",5.768717,-72.831906,280,Essa,15
Juice - Orange,9.8741891,-84.0605696,193,Jerrilyn,30
Dc - Frozen Momji,26,99.8333333,197,Joanne,36
Lettuce - Iceberg,48.8348801,2.5070548,165,Kirstyn,45
"Mushroom - Enoki, Fresh",22.8429803,-82.0243657,124,Audry,4
Plasticspoonblack,47.880287,132.759724,175,Kizzee,7
Cheese - Swiss,-23.6845941,27.6808712,492,Ninnetta,2
Sping Loaded Cup Dispenser,47.719429,107.795502,190,Magdaia,22
"Pepper - Paprika, Spanish",51.1656869,71.4439333,140,Cassey,19
Vinegar - Balsamic,7.3775355,3.9470396,161,Thea,32
Molasses - Fancy,40.9921036,21.4232499,429,Nan,45
Sambuca - Opal Nera,28.39571,107.752611,455,Hetty,2
Chocolate Bar - Coffee Crisp,44.8464736,33.6744583,346,Chandal,23
"Trout - Rainbow, Fresh",6.0067464,80.2531784,388,Ada,25
Kumquat,-6.2424962,106.11399,478,Cinnamon,39
Milk - 2%,61.0502894,61.9767161,130,Marnia,12
"Oil - Olive, Extra Virgin",31.221597,121.409352,238,Carmelle,45
Whmis - Spray Bottle Trigger,18.4529003,105.7644596,408,Adah,29
Sugar - Fine,47.3860507,0.7236073,416,Mercie,50
Sobe - Lizard Fuel,39.172378,116.931607,123,Nicole,37
Beans - Butter Lrg Lima,-8.1141,111.7762,404,Jocelin,12
Container - Clear 16 Oz,23.134752,111.546403,176,Pollyanna,8
Beef - Kobe Striploin,53.3846046,83.6834141,380,Ilise,3
Dooleys Toffee,58.3736347,12.3272689,224,Lilli,20
Table Cloth 120 Round White,33.551052,119.113185,227,Millicent,11
Honey - Liquid,62.3873541,17.300175,273,Marguerite,14
Tea - Green,10.1980682,105.9464874,449,Cornelia,24
Wasabi Paste,41.5678915,-8.4219601,217,Nixie,50
Hog / Sausage Casing - Pork,28.34343,120.489051,459,Jania,20
Ice Cream - Fudge Bars,45.9113179,16.1242534,481,Ruthie,9
Lettuce - Spring Mix,32.50171,35.16621,331,Rodi,49
Beef Cheek Fresh,10.8833332,122.9666672,344,Theresita,32
Soup - Campbells Pasta Fagioli,8.721124,5.7563151,133,Nonnah,34
Island Oasis - Cappucino Mix,39.867984,117.433236,267,Shannen,47
"Cheese - Havarti, Salsa",12.405227,121.990643,447,Allina,7
Bread - Pain Au Liat X12,13.3539251,5.2344983,113,Gael,16
Hersey Shakes,-17.5093929,14.9885388,188,Ruthe,3
Muffin - Mix - Mango Sour Cherry,50.0326661,19.3272642,108,Toby,43
Pur Source,29.1416432,119.7889248,117,Jilli,16
Cheese - Blue,53.3284298,-6.3048641,123,Joell,10
Piping - Bags Quizna,39.335659,22.097651,177,Lavinie,18
Brandy - Bar,37.510549,118.325556,392,Bab,6
Wine - Guy Sage Touraine,49.6935113,12.8516728,266,Tim,8
"Brandy - Orange, Mc Guiness",38.4800003,22.5843667,420,Babbie,16
Bag - Regular Kraft 20 Lb,35.476788,110.442846,399,Carmela,33
Apples - Spartan,14.570924,121.0276584,125,Kandy,45
Bread - Crusty Italian Poly,47.594843,1.3155028,322,Shelly,16
Island Oasis - Magarita Mix,-3.741645,-39.6105142,197,Almire,5
Wine - Delicato Merlot,-7.5088,108.2386,221,Merridie,12
Bread - French Stick,40.5495165,23.1657758,410,Hallie,5
Island Oasis - Ice Cream Mix,15.6823401,119.9406947,123,Flss,48
Sour Puss Sour Apple,-19.8552965,-44.6113601,423,Glenna,8
Sauce - Balsamic Viniagrette,4.809984,-74.354009,341,Angelina,2
Lentils - Green Le Puy,19.1168606,-70.6097821,442,Morena,7
"C - Plus, Orange",38.8783335,-9.425154,106,Drona,16
Flour - Teff,7.15611,124.69111,292,Wendeline,4
Bread Base - Toscano,48.6843964,2.2924369,385,Hesther,17
Ecolab Silver Fusion,41.107701,21.3788215,376,Ursulina,41
Wine - Pinot Noir Mondavi Coastal,-32.9377962,-60.6961061,397,Abbi,43
"Lentils - Red, Dry",-2.1653279,132.324948,227,Alisa,18
Plaintain,38.5067706,-90.3766634,467,Nixie,39
Roe - White Fish,49.6106567,18.735973,233,Lian,16
Eggroll,31.275819,121.499653,166,Brunhilda,3
Oven Mitt - 13 Inch,55.6246827,60.5063547,450,Jacky,23
Vanilla Beans,59.412262,5.2978064,138,Birgit,31
"Extract - Vanilla,artificial",37.510549,118.325556,333,Genovera,44
Tomatoes - Yellow Hot House,59.925597,30.3406369,378,Carlota,29
Rosemary - Dry,52.7229746,19.6926546,331,Anastasia,20
Cheese - Wine,24.690585,115.264971,362,Koral,42
Cheese - Cheddarsliced,31.0147222,28.2477778,243,Lucienne,44
The Pop Shoppe - Grape,34.878483,113.277504,270,Sadie,11
Wine - Prem Select Charddonany,14.5644981,121.0309439,246,Kore,17
Cake - Box Window 10x10x2.5,8.150969,123.8502563,204,Emilee,45
Salmon Steak - Cohoe 8 Oz,33.45,-111.97,200,Corrine,15
Bread - Italian Corn Meal Poly,13.5260215,123.2925505,144,Rycca,39
"Oranges - Navel, 72",41.2860336,19.8905149,405,Silvie,9
Olive - Spread Tapenade,45.8367628,5.2900333,414,Benedikta,4
Wine - Chateau Aqueria Tavel,-6.2057339,107.0096844,400,Yoshiko,13
Cheese - Bakers Cream Cheese,48.689836,6.17445,142,Myrtice,20
Wine - Acient Coast Caberne,5.255183,96.06085,453,Greta,43
Wine - Zinfandel Rosenblum,46.75486,84.3596,451,Gillian,31
"Potatoes - Yukon Gold, 80 Ct",31.364902,108.249509,407,Casie,16
"Coke - Diet, 355 Ml",27.417467,107.257538,273,Annecorinne,1
Longos - Burritos,47.931513,1.920754,185,Ginger,30
Danishes - Mini Raspberry,-6.8300602,110.8374104,119,Bobbe,47
Bread - Hot Dog Buns,-13.0331624,-46.7705781,377,Tobye,21
"Salmon - Whole, 4 - 6 Pounds",13.6730341,100.5014909,187,Eba,29
Sugar - White Packet,31.2144668,121.4890556,279,Viviyan,42
Apples - Sliced / Wedge,14.5713332,120.9855937,465,Rubina,11
Pork - Sausage Casing,47.9544744,-2.0532343,265,Odille,18
Soup Campbells Turkey Veg.,39.685846,113.903634,359,Mella,35
Scotch - Queen Anne,30.7720333,-9.460322,363,Ardis,36
"Shrimp - Baby, Warm Water",41.308715,-8.1332997,111,Laetitia,17
Soup - Campbells Mac N Cheese,64.128759,29.5197329,255,Dorri,37
Appetizer - Tarragon Chicken,44.6267383,135.3522837,416,Dorice,45
Mince Meat - Filling,34.2292129,70.1932084,307,Ardenia,29
Yogurt - Assorted Pack,-8.3765619,115.1918802,484,Kasey,23
Cranberries - Frozen,13.8015693,121.1498452,163,Caitrin,45
"Cake Circle, Foil, Scallop",41.6775685,-83.5629746,491,Philipa,20
"Hickory Smoke, Liquid",-8.2304786,112.5476209,160,Winnifred,48
"Tart Shells - Sweet, 4",32.4464635,62.1454133,394,Sibby,45
Samosa - Veg,41.6,-93.61,155,Marabel,44
Cream - 35%,7.3042466,122.258933,479,Ajay,21
Ecolab - Power Fusion,48.1903349,3.2995005,127,Blondelle,23
Island Oasis - Sweet And Sour Mix,46.635417,32.616867,490,Ilse,2
The Pop Shoppe - Grape,41.5782612,-8.1117655,500,Ella,27
Straw - Regular,52.3323097,6.6372501,406,Gates,13
Tuna - Loin,-7.0972,113.6404,181,Mariette,7
"Sugar - Brown, Individual",52.5094874,16.7474972,475,Opal,46
Roe - Flying Fish,-14.1349424,-39.7385835,266,Robina,28
Salt - Table,33.6977944,-117.7765895,217,Shena,9
Appetizer - Assorted Box,30.864034,120.09953,308,Merilee,46
Trueblue - Blueberry,51.5429846,21.0004876,100,Barry,43
Langers - Cranberry Cocktail,67.4020883,26.6725662,352,Melessa,2
Bread - Crusty Italian Poly,-10.0396,120.754,378,Alaine,21
Muffin - Blueberry Individual,46.1696293,14.6907259,184,Rubetta,17
Eggplant - Regular,-6.4045182,106.8341509,200,Helli,7
Sobe - Orange Carrot,-8.1574988,114.3014572,383,Jenica,38
Evaporated Milk - Skim,48.7853082,2.072661,331,Evie,22
"Pasta - Penne, Rigate, Dry",39.726929,116.341395,336,Winnie,5
Pork - Bacon Cooked Slcd,44.2990355,15.8462167,444,Adiana,14
Crab - Meat Combo,-7.3162208,140.4308159,413,Lyndel,3
Pepper - Jalapeno,10.493002,123.713859,277,Daile,22
Veal - Striploin,53.543617,49.2636336,339,Clarita,21
Bread - Raisin,-6.0189936,-38.7368187,432,Aimil,36
Sauce - Cranberry,40.9612198,129.3209986,439,Starla,34
Tofu - Firm,29.474413,110.166477,225,Isidora,42
Honey - Liquid,59.3947609,5.3329119,230,Larissa,35
Wine - Chianti Classica Docg,49.8156816,18.8067375,206,Bell,5
"Liners - Banana, Paper",51.55683,105.1262,133,Nikaniki,40
Coffee - Hazelnut Cream,-3.8246952,103.1048449,328,Benoite,6
Carbonated Water - Orange,28.11579,119.573397,153,Emelita,39
Quail Eggs - Canned,47.011607,90.451789,116,Aviva,8
Mushrooms - Honey,40.2938995,45.1360148,284,Kalila,41
Pork - Back Ribs,37.136553,120.878247,144,Rozamond,1
Table Cloth 62x114 Colour,59.3362401,18.0232365,477,Shayna,33
Shiro Miso,-7.3630592,108.7066398,100,Maia,31
Veal - Knuckle,-7.5450262,111.6556388,142,Lila,37
Ginsing - Fresh,0.636206,34.2782765,313,Noreen,35
Neckerchief Blck,-7.7403739,110.0330554,187,Meggy,26
Oven Mitts 17 Inch,49.3259705,17.9821893,199,Noni,22
Cheese - Victor Et Berthold,23.63841,115.182134,204,Mallissa,6
Muffin - Zero Transfat,26.463923,107.905837,283,Sacha,40
Chives - Fresh,50.5884714,32.3875825,492,Myrtice,44
Wine - Magnotta - Belpaese,48.0044582,7.8374651,181,Vonny,34
Cabbage - Green,24.4752847,101.3431058,171,Ilene,14
Scrubbie - Scotchbrite Hand Pad,26.053583,117.870803,468,Carina,26
Salt - Table,36.87492,108.413764,316,Marilin,18
Sugar - Individual Portions,35.662808,140.164927,310,Candi,35
Soup Campbells,-10.4911471,-76.5155834,424,Kaitlynn,6
Chocolate Bar - Coffee Crisp,-6.9579774,-76.4172594,247,Hesther,32
Snapple - Mango Maddness,8.4015989,-73.2089979,170,Glori,34
Towel - Roll White,5.3523231,100.3573891,221,Maxine,16
Relish,38.5434693,-9.0610972,194,Vivyan,25
Everfresh Products,9.5384134,105.2428853,196,Avivah,19
Honey - Lavender,37.5034138,126.7660309,276,Nyssa,15
Apple - Northern Spy,63.1257009,14.5928298,374,Lesly,30
Garlic,29.273357,47.9400154,475,Cari,19
"Turnip - White, Organic",45.4451601,35.8363269,204,Blanch,3
Magnotta - Bel Paese White,54.1990589,17.3704847,422,Mora,43
Sauce - Salsa,22.3577742,103.2493721,113,Odelia,4
Sole - Fillet,24.018269,114.987268,244,Eden,50
Garbage Bag - Clear,5.9630513,10.1591213,105,Jewelle,28
Pomello,15.229571,-23.2141352,348,Vikky,46
Pork - Sausage Casing,34.58469,68.95524,364,Novelia,22
Chinese Foods - Thick Noodles,42.3273306,20.7226764,154,Ethelin,9
Everfresh Products,22.529403,103.93935,273,Adena,43
Silicone Parch. 16.3x24.3,6.9463216,1.1688978,208,Modesta,6
Apple - Fuji,26.511966,-78.640226,483,Vivianna,6
Mushroom - Morel Frozen,41.4488926,48.6388661,109,Bryn,22
Lettuce - Baby Salad Greens,23.146358,113.265008,353,Saree,1
Bread - Hot Dog Buns,36.158405,45.4759898,488,Margarita,48
Wine - Gewurztraminer Pierre,38.1164434,140.8492779,154,Clea,42
"Soup - Campbells, Cream Of",29.6970749,106.6160052,314,Kimmi,21
Ketchup - Tomato,35.5770451,51.4624642,190,Gussi,23
Chinese Foods - Thick Noodles,49.6579309,18.7059561,302,Michell,19
"Wine - White, Antinore Orvieto",13.8206796,120.9814426,328,Malia,4
"Pepper - Black, Ground",41.108647,122.994329,439,Maryjane,41
Melon - Watermelon Yellow,19.716697,100.226423,103,Rosalia,46
Tomato - Tricolor Cherry,14.5665378,121.1092186,392,Callida,28
Onions - Green,16.0717704,108.1503823,102,Magda,26
Carbonated Water - Raspberry,14.6087807,121.0334173,334,Mead,13
Flax Seed,48.526727,40.316753,497,Dodie,36
"Rum - Dark, Bacardi, Black",34.052996,-118.2548551,348,Marylin,31
Coffee Cup 12oz 5342cd,45.755062,130.5921699,414,Sophronia,45
Pea - Snow,-8.4432485,20.7301263,208,Ruby,27
Melon - Watermelon Yellow,-53.1638329,-70.9170683,279,Krystal,50
"Juice - Tomato, 48 Oz",50.3713333,103.2816977,197,Ronica,35
Pork - Ground,15.5724296,-88.0350859,282,Teresa,41
Wine - Jaboulet Cotes Du Rhone,-43.1833,-71.8667,344,Rebeca,39
Syrup - Monin - Blue Curacao,10.3840217,11.0966373,328,Marji,34
Wine - Barossa Valley Estate,31.092719,93.812858,257,Debbi,23
Cognac - Courvaisier,-37.1534439,-56.8913573,412,Martelle,7
Quail Eggs - Canned,19.4805668,-99.2058279,465,Carolin,18
Gelatine Leaves - Envelopes,11.1802962,125.0036133,311,Claudelle,7
"Cheese - Mozzarella, Buffalo",38.1370922,-7.3093756,185,Deena,26
Uniform Linen Charge,27.229632,115.135507,325,Idalina,25
Cornish Hen,37.1029277,-8.0989597,151,Melonie,43
V8 - Tropical Blend,51.8862378,-8.4824714,462,Atalanta,16
"Soup - Campbells, Chix Gumbo",19.6808413,-72.317793,421,Fidelity,17
"Beef - Roasted, Cooked",-16.1328104,33.6063855,300,Nelli,20
Lemonade - Pineapple Passion,25.485074,119.04263,491,Nikoletta,14
"Wine - White, Lindemans Bin 95",32.556936,120.681655,177,Katrina,26
Rum - Mount Gay Eclipes,17.2906593,121.1666679,451,Adrienne,4
Relish,28.5091355,34.5136344,268,Shelbi,1
"Trout - Rainbow, Fresh",-7.099977,106.888644,373,Denny,27
"Cheese - Woolwich Goat, Log",-1.5697615,110.5215459,334,Cornela,49
Mayonnaise,-6.5627613,106.0669571,453,Maddi,16
Wine - Chianti Classica Docg,32.704922,115.970718,315,Veradis,5
Table Cloth 62x114 Colour,51.2092169,35.2291386,194,Jordanna,16
Bread Cranberry Foccacia,-6.9940246,112.825447,194,Anestassia,11
Coffee - Espresso,40.04,-76.31,358,Doralin,34
Bar Bran Honey Nut,-7.783297,110.363649,485,Anne,34
Lamb - Sausage Casings,50.1468784,15.4675081,440,Joni,6
"Basil - Primerba, Paste",11.7469961,11.9661922,265,Sissie,6
Pepper - Gypsy Pepper,46.294568,17.3742925,310,Sabra,38
Longos - Lasagna Beef,-8.4335,115.5012,390,Mari,39
Piping - Bags Quizna,-7.6832323,110.670528,433,Karole,32
Easy Off Oven Cleaner,18.50831,109.277378,481,Marget,37
Pepper - Chili Powder,45.3444075,20.5145956,298,Lynett,35
Juice - Happy Planet,52.6200204,81.239598,150,Sharron,1
"Water, Tap",14.9619281,120.8947635,227,Brynne,22
Mint - Fresh,3.1377116,-76.5929658,491,Corrine,47
Syrup - Monin - Blue Curacao,44.4286616,125.1864669,495,Lynett,6
Salt - Table,-6.2969238,106.9222137,144,Sandi,11
Wine - Delicato Merlot,44.386415,-0.318174,220,Hallie,28
Browning Caramel Glace,-6.6655005,107.627451,239,Ardis,1
Dish Towel,59.4005705,16.4401504,295,Aimil,26
"Sauce - White, Mix",1.3031434,101.0259275,188,Bobbee,6
Wine - Winzer Krems Gruner,-18.4943258,-40.4657826,258,Shawn,20
Puree - Guava,41.5498969,-8.6435589,409,Walliw,50
Scallops - Live In Shell,55.8465109,13.4095386,150,Ruthi,24
Wine - Semi Dry Riesling Vineland,16.9112786,120.5714754,127,Glen,26
Cheese - Brick With Pepper,36.3778012,9.9101915,442,Melli,25
Muffin Mix - Raisin Bran,45.8361987,16.3077813,407,Katine,7
Fennel - Seeds,3.3850829,45.5959878,455,Ira,45
Sterno - Chafing Dish Fuel,15.41667,-87.6,215,Rosy,38
"Artichokes - Knobless, White",4.398278,-74.828718,331,Junie,2
"Sauce - White, Mix",6.0067464,80.2531784,197,Evangelin,16
Beef - Prime Rib Aaa,51.7597721,17.1196937,122,Gretna,23
Island Oasis - Lemonade,14.1163511,121.2225723,245,Datha,1
Energy Drink - Redbull 355ml,51.0176058,15.677587,172,Hedwiga,12
Ginger - Pickled,14.73927,44.20664,328,Hedda,35
Soup - Campbells Bean Medley,36.13848,36.61247,427,Rosette,30
Puree - Mocha,47.015529,-68.1429749,299,Wendie,12
"Wine - Red, Colio Cabernet",-4.9684385,-39.0161259,208,Marjy,38
Tea - Mint,7.3139328,-11.3062382,316,Constance,8
Quail Eggs - Canned,12.14428,125.450296,391,Thea,26
Watercress,-15.6442505,-74.0784785,375,Jenny,29
Skirt - 29 Foot,32.058597,34.9136,167,Laural,42
Container - Foam Dixie 12 Oz,-34.990888,138.574391,139,Evangelia,18
Pie Filling - Cherry,40.2928735,44.3505077,225,Merilyn,23
"Wine - Bourgogne 2002, La",-25.6801783,-53.5419225,349,Diana,12
Beer - Sleemans Cream Ale,46.814102,130.375062,286,Fedora,29
"Chilli Paste, Sambal Oelek",-34.6507337,-58.4114593,245,Marcelia,19
Bread Bowl Plain,51.669945,16.5376529,373,Melitta,3
Instant Coffee,15.8515169,104.1698463,468,Meta,48
Lumpfish Black,47.3675629,2.901637,116,Shay,33
Wine - Delicato Merlot,34.994502,118.3126338,268,Joellyn,30
Corn Meal,-6.9002217,112.1653766,179,Ofilia,28
Vinegar - Rice,45.3859182,-71.936914,319,Berna,6
"Juice - Apple, 1.36l",43.8118946,18.5711013,105,Olia,41
Chicken Giblets,48.64989,-53.11474,339,Corinna,2
Cheese - Cheddarsliced,39.2762158,-9.2806096,318,Charmane,25
Tomatoes - Yellow Hot House,22.928305,113.207187,304,Kandace,10
Cake - Night And Day Choclate,31.221517,121.544379,265,Sophia,5
Pike - Frozen Fillet,29.713689,116.339882,195,Raye,16
Cheese - Brie Roitelet,40.1063792,20.2318416,394,Sheila-kathryn,11
"Juice - Apple, 500 Ml",18.4329473,-77.1973997,441,Olimpia,41
Mortadella,-3.7331933,128.1530099,442,Lorena,47
Calaloo,13.0742447,101.0084698,410,Elissa,26
Nutmeg - Ground,29.980362,119.420836,132,Lisette,49
Ginger - Crystalized,24.8987787,68.8274279,465,Ann,31
Sauce - Marinara,-7.057009,106.91129,373,Antonetta,35
Milk - Homo,32.8718172,36.574293,199,Deborah,2
Soup - Campbells Beef Strogonoff,-21.5447866,167.8854865,383,Beckie,32
Lemonade - Pineapple Passion,16.3407314,121.7646503,409,Tarra,44
Cheese - Blue,50.22892,-99.46642,324,Anna,39
Coriander - Seed,46.1515226,14.6280662,446,Belinda,31
Ecolab Silver Fusion,-8.5738445,116.1093533,236,Terra,41
"Seedlings - Buckwheat, Organic",45.129308,-76.1423766,384,Reeba,26
Beer - Guiness,39.263105,117.580995,100,Dorri,16
Table Cloth 62x114 White,20.0980577,-101.5027855,311,Kelli,47
"Pasta - Gnocchi, Potato",54.10269,-6.64937,296,Erika,39
Table Cloth 54x54 Colour,53.3004898,-6.2634596,167,Dina,44
Beef Ground Medium,31.463475,120.649341,499,Herminia,17
Vaccum Bag - 14x20,-25.7464549,-53.0615734,221,Marie-ann,23
"Jam - Raspberry,jar",41.4232365,47.9193557,358,Pearline,3
Wine - Pinot Grigio Collavini,21.955472,111.244529,211,Hestia,16
Sea Bass - Whole,25.0830926,89.7853218,470,Elke,38
Tomatoes - Hot House,38.6037983,-9.1672878,247,Kellie,27
Extract - Raspberry,36.7498896,51.014934,477,Gilda,35
Pepper - Pablano,6.3049636,7.5626411,341,Agnese,34
Bacardi Limon,46.0675028,44.4160763,155,Katya,42
Cheese Cloth No 100,34.5215,99.972759,458,Dniren,6
Sausage - Meat,36.6493964,139.8816085,176,Danette,33
Steampan Lid,51.068668,22.9614463,401,Flo,6
Creamers - 10%,25.867345,55.0242519,157,Rebbecca,18
Ice Cream - Life Savers,-32.75,-70.7208115,332,Val,34
Longos - Penne With Pesto,24.919493,102.478494,411,Odele,30
"Capon - Breast, Wing On",47.2115555,3.8260916,366,Vinnie,50
Rambutan,54.25645,-8.4627451,263,Cassy,31
Pastry - Mini French Pastries,36.5658729,53.0586328,400,Eugenia,27
Daves Island Stinger,23.105394,113.874335,422,Arda,14
"Beef - Rib Roast, Capless",40.7559095,-0.3371889,348,Sarah,38
Cheese - Blue,18.6794938,-71.940875,197,Aeriela,29
Soup - Campbells - Chicken Noodle,-7.347756,108.8818859,493,Demeter,26
English Muffin,60.9794357,28.0853523,112,Arden,30
Food Colouring - Orange,24.560159,120.8214265,372,Sharline,28
Vinegar - Sherry,23.12911,113.264385,258,Aura,34
Flour - Bread,24.44218,114.938684,325,Dania,47
"Bar Mix - Pina Colada, 355 Ml",44.7488612,19.6907882,213,Katina,13
"Wine - White, Antinore Orvieto",45.79817,109.31826,458,Shari,34
Tamarillo,-11.9187621,-75.3149796,379,Merrie,38
"Red Snapper - Fillet, Skin On",-22.8636192,-42.3336313,415,Nita,28
Milk - 1%,35.490701,112.851831,235,Sophronia,41
Cookies - Fortune,25.941937,117.365052,270,Britney,39
Beef - Striploin Aa,48.2629668,25.1738286,177,Lynne,14
Munchies Honey Sweet Trail Mix,10.9574128,106.8426871,108,Harriett,22
"Oranges - Navel, 72",4.6096768,101.1064003,352,Lolly,1
The Pop Shoppe - Root Beer,41.0924488,-7.5927209,318,Ibby,45
"Pepper - White, Ground",48.3583839,25.3449259,355,Anna-diana,12
Muffin Batt - Blueberry Passion,23.681774,113.056042,304,Violante,29
Egg Patty Fried,53.3895926,-6.1097188,367,Alisun,19
Neckerchief Blck,-6.2461822,106.8323419,232,Maible,28
Tomato - Green,39.2591889,-8.5820055,224,Kaylyn,31
Durian Fruit,-8.2334215,114.3787108,239,Lisbeth,42
Garbage Bag - Clear,-6.162275,106.7883416,209,Tess,3
"Soup - Campbells, Chix Gumbo",14.5919106,121.0228804,343,Henriette,18
Wine - Zinfandel Rosenblum,46.946681,142.0144982,300,Henrie,10
"Water, Tap",32.903454,-117.2195678,314,Kristyn,42
Rice - Long Grain,24.722747,118.152148,353,Candie,16
Container - Foam Dixie 12 Oz,47.171717,124.863603,146,Stefania,42
Cheese - Valancey,23.2196922,113.3138804,414,Brandy,30
Beef - Top Sirloin,-15.7665609,-70.2594346,462,Eulalie,11
"Ranchero - Primerba, Paste",-1.371775,-48.3854399,441,Vita,39
Wine - Blue Nun Qualitatswein,50.2997788,15.865081,433,Krista,48
Sauce Bbq Smokey,49.7002226,5.9670927,266,Lacie,28
Wine - Bouchard La Vignee Pinot,35.2901,116.317369,332,Courtenay,35
Bay Leaf,34.9442746,132.4282484,287,Marsiella,35
Wine - Chianti Classico Riserva,46.6086054,15.6758117,479,Eula,29
Pop - Club Soda Can,14.565668,121.0317737,295,Eada,5
Cream - 35%,50.6655892,18.9277567,392,Devondra,46
Sauce - Mint,44.6441724,-63.6010175,444,Maighdiln,26
"Beans - Long, Chinese",-39.0482569,174.2418241,290,Zonnya,45
Garlic Powder,32.7128968,36.5662858,320,Dannie,41
Wine - Chenin Blanc K.w.v.,49.297491,125.217735,278,Zitella,39
Wine - Jaboulet Cotes Du Rhone,59.2784304,11.0933783,160,Stefa,21
"Pasta - Lasagna Noodle, Frozen",14.5020933,121.0309165,395,Marie-jeanne,30
Venison - Ground,0.8231171,112.5662284,240,Stephi,38
Coffee - Almond Amaretto,52.7569427,55.8011374,115,Dynah,37
Wine - Jafflin Bourgongone,-8.4627496,-35.0828588,398,Joell,27
"Juice - Grape, White",49.3883262,17.0710865,140,Kirsteni,38
Bread - Raisin,-6.9707,111.3203,145,Kendra,20
Corn Meal,48.6208,22.287883,420,Essa,24
Island Oasis - Strawberry,-1.4698725,134.1150413,401,Freida,35
Pork - Smoked Kassler,52.958936,21.8130562,170,Gale,36
Compound - Orange,56.8744773,16.6629189,497,Lee,36
Ice Cream - Fudge Bars,31.9799036,105.6419561,290,Brenn,47
Pasta - Orecchiette,52.4242797,104.0456397,177,Birgit,14
Aromat Spice / Seasoning,40.570338,116.554665,386,Ailey,18
Radish - Pickled,-7.6534546,110.8046283,146,Giralda,20
Pork - Ground,23.3747635,104.2308774,271,Bette-ann,5
Versatainer Nc - 888,40.088917,122.089283,104,Reina,23
Cod - Black Whole Fillet,46.0261155,16.0446553,170,Erinna,30
The Pop Shoppe - Lime Rickey,46.8376386,29.6319884,398,Nichole,40
"Beef - Ground, Extra Lean, Fresh",60.5061173,24.2916372,221,Nara,43
Sesame Seed,14.8835125,120.7906666,188,Bethena,32
"Lamb - Pieces, Diced",24.690585,115.264971,476,Geneva,43
Wine - Hardys Bankside Shiraz,13.0730815,123.5982956,222,Gretta,1
Water - Green Tea Refresher,23.692546,116.655206,142,Debera,6
Spice - Peppercorn Melange,36.3504119,127.3845475,391,Jolie,15
Bagel - Sesame Seed Presliced,-8.6678,122.0326,410,Marysa,48
Cookies Oatmeal Raisin,42.6862558,-82.7625747,249,Orella,30
Lettuce - Boston Bib - Organic,33.0517157,68.0149609,414,Doro,19
"Wine - Red, Concha Y Toro",14.4083543,121.0396806,104,Bendite,1
"Pork - Butt, Boneless",31.57112,35.23227,397,Deidre,23
Pears - Bartlett,23.46188,91.186911,296,Lynna,10
Cheese - Gorgonzola,13.4623836,144.7546333,172,Georgeta,22
Sproutsmustard Cress,23.549701,116.372708,422,Martguerita,42
Tea - Green,41.6089452,20.006257,451,Eileen,42
Sage Derby,-25.2641605,-50.6378804,343,Dulcine,15
Cheese - Valancey,63.75059,-68.51449,363,Gabriel,6
Muffin - Mix - Mango Sour Cherry,44.0470411,15.3150024,382,Olive,22
Jolt Cola - Red Eye,-4.5848377,-42.8572386,306,Avril,31
Mince Meat - Filling,-8.5764876,115.2164037,203,Gerrie,2
Pastry - Key Limepoppy Seed Tea,31.644606,119.781147,416,Maxy,40
Pasta - Fusili Tri - Coloured,41.3263905,-8.2207204,389,Siobhan,8
Soup - Campbells Beef Noodle,40.5753726,-8.5463483,207,Giulietta,45
Sherry - Dry,23.5711899,119.5793157,457,Felipa,16
Pastry - Apple Muffins - Mini,52.27994,36.22461,199,Dyane,43
Scallops - 10/20,2.731033,117.1147095,317,Brooks,20
Cream - 10%,32.42465,35.364533,262,Nixie,28
"Clams - Littleneck, Whole",32.8718172,36.574293,405,Hephzibah,11
Lettuce Romaine Chopped,22.534707,113.249705,447,Dedra,18
Lobster - Tail 6 Oz,54.2618911,36.15775,487,Anastasia,44
Bagelers - Cinn / Brown Sugar,14.5672317,121.0298199,399,Maria,1
Appetizer - Mango Chevre,54.2637785,40.9511355,425,Arleta,10
Catfish - Fillets,21.0811211,105.8180306,372,Shani,24
Fudge - Chocolate Fudge,-22.6083065,-43.7112547,116,Val,28
Container - Foam Dixie 12 Oz,12.0718334,1.7879685,413,Ronna,48
Wine - Gewurztraminer Pierre,37.4562557,126.7052062,214,Kacey,24
Wine - Hardys Bankside Shiraz,59.1930889,18.1475406,289,Nikaniki,36
Peppercorns - Pink,59.3606836,17.9701456,487,Veronica,16
Pumpkin - Seed,60.9529954,22.8649749,383,Nelli,11
Cookies - Englishbay Wht,6.9345136,79.9059766,477,Sharity,3
Rolled Oats,56.1966377,86.6235938,149,Raphaela,4
Milk - Homo,-12.3992902,-74.8659421,190,Philomena,14
Chocolate - Dark Callets,-6.5675,106.3282,312,Gerty,14
Pastry - Apple Large,42.722661,-73.8301437,336,Bonnibelle,43
"Beans - Black Bean, Canned",55.9576019,36.2249059,465,Ryann,10
Cheese - Fontina,50.3919,30.368267,387,Manya,19
Lettuce - Lolla Rosa,47.3892142,0.6942885,285,Corene,24
Squid Ink,-9.6498487,-35.7089492,289,Genia,46
"Sauce - Soya, Dark",6.0318676,125.1290351,255,Ursulina,22
Cheese - Comte,43.3045595,44.9887945,384,Kitti,46
"Beef - Tongue, Cooked",36.4359045,129.0571077,176,Hali,5
Bread - Italian Corn Meal Poly,53.3249623,34.374358,220,Sofia,7
Flour - Fast / Rapid,4.575601,-75.972669,222,Shandra,3
"Wine - Red, Wolf Blass, Yellow",-9.4033,119.5606,444,Doti,1
Beef - Top Sirloin,27.9687584,68.6404324,115,Mariellen,20
Squeeze Bottle,-14.8483688,-39.5485087,136,Verene,34
Onions - Green,37.0909826,138.1698009,352,Ansley,44
Dc - Sakura Fu,-25.5096271,-49.2254535,264,Harriott,5
"Chicken - Leg, Boneless",17.9611269,-76.8893907,386,Joyce,41
Cranberries - Fresh,56.0467533,28.1582288,397,Jenni,9
Sauce - Hoisin,-25.7464549,-53.0615734,418,Terri-jo,40
Mushroom - Portebello,29.584292,111.380014,232,Ally,25
Gelatine Leaves - Envelopes,-24.988061,25.3430203,136,Marcille,10
Compound - Raspberry,45.054478,7.6579399,113,Shauna,33
Puff Pastry - Slab,22.265811,113.543784,219,Isabeau,45
Cleaner - Lime Away,14.9446785,-89.9692791,134,Joey,16
"Cheese - Brie, Triple Creme",36.8915064,27.2877228,145,Dulci,41
"Wine - White, Schroder And Schyl",29.521296,86.27669,231,Liliane,38
"Sole - Dover, Whole, Fresh",55.7293755,36.8606149,408,Raina,46
Bar - Sweet And Salty Chocolate,38.8162965,24.5955356,360,Elora,11
Flavouring Vanilla Artificial,-3.2545446,104.7593863,261,Minne,15
"Halibut - Whole, Fresh",10.90354,123.0597,315,Nickie,41
Beans - French,36.10306,127.48889,105,Rania,32
Beer - Sleemans Cream Ale,14.6238704,121.1016044,430,Casey,40
Sherry - Dry,43.7356628,17.8317085,468,Collie,28
Venison - Ground,-6.3019793,-60.0259466,348,Philis,19
Kellogs All Bran Bars,36.0821986,139.7249685,431,Georgena,15
Table Cloth 81x81 White,16.8802365,121.5833217,275,Aurilia,30
Artichokes - Jerusalem,-6.1756543,35.7926792,468,Elianore,11
Red Currant Jelly,4.727773,-76.121514,443,Sarine,5
Sausage - Breakfast,40.8946241,-6.9635613,246,Laurianne,43
Sugar - Invert,4.54304,-74.878165,349,Caroljean,4
Tea - Lemon Scented,41.8007356,-8.5394227,147,Kelsey,3
Bag Stand,7.9180075,-71.0601767,180,Darcy,41
Broom - Push,35.4755834,44.4075911,265,Maitilde,47
Grapefruit - Pink,50.2850778,113.2766861,176,Debee,23
Artichokes - Jerusalem,34.814591,109.629628,357,Jemie,38
Edible Flower - Mixed,18.2540705,-70.3600393,469,Papagena,25
Pastrami,49.7859606,-112.1496533,361,Cher,31
Beans - Wax,41.56,-73.05,200,Lula,42
"Soup - Cream Of Broccoli, Dry",39.2097706,54.594037,117,Shalna,33
Seedlings - Clamshell,51.8796,4.5059,497,Marylynne,17
Strawberries,6.9345136,79.9059766,104,Emylee,40
Wine - Chablis 2003 Champs,22.830644,112.94593,168,Zarah,14
"Quail - Eggs, Fresh",63.8601923,23.4541136,225,Janey,17
Pastry - Trippleberry Muffin - Mini,17.387112,102.7755279,385,Latrena,42
Pear - Prickly,50.9486162,30.8786768,449,Yovonnda,7
Flounder - Fresh,35.6553472,139.5476397,121,Zahara,40
"Lobster - Baby, Boiled",41.401292,-8.2582067,430,Gertruda,28
Soup - Campbells Beef Strogonoff,6.1462401,6.8297403,435,Yolande,8
Mousse - Banana Chocolate,26.411026,-80.0926014,270,Tracy,5
Towels - Paper / Kraft,41.6252602,48.6763991,198,Chantal,10
"Onions - Dried, Chopped",59.2375852,15.1301177,385,Jacquenetta,17
"Pork - Loin, Bone - In",9.2207,122.9053,427,Nanice,32
"Artichoke - Bottom, Canned",49.7243072,13.273185,385,Sella,49
Juice - Lagoon Mango,31.2303904,121.4737021,454,Daffi,11
Shortbread - Cookie Crumbs,47.6632745,1.206057,195,Kenna,44
Crab Meat Claw Pasteurise,13.449097,-14.769285,468,Ingaborg,31
Dragon Fruit,28.682309,118.244769,184,Benetta,22
Soup Campbells - Tomato Bisque,25.112046,99.161761,155,Myriam,33
Cinnamon - Stick,30.8936954,50.0932428,126,Juieta,38
Oil - Peanut,-19.0553711,-169.9178709,440,Michell,1
Red Pepper Paste,-7.2457322,112.7795375,328,Frayda,12
Cheese - Stilton,4.087552,11.20197,499,Dorris,45
Calypso - Pineapple Passion,-7.221299,111.5304344,194,Jodie,28
"Nut - Hazelnut, Ground, Natural",34.8336386,135.5304048,425,Jaimie,12
External Supplier,15.9074577,120.4495523,125,Rosette,47
Shrimp - Black Tiger 8 - 12,20.5359964,-103.4325178,273,Lois,16
Beans - Soya Bean,25.489999,103.796167,305,Rikki,27
Pastry - Baked Cinnamon Stick,-6.5864219,106.7441048,435,Wynnie,24
Rabbit - Frozen,16.0213558,100.417181,194,Amalle,1
Cookie Double Choco,17.791111,121.4761124,273,Hildegaard,27
Tuna - Loin,-34.7903355,-56.3502545,294,Mariel,7
Capers - Pickled,-10.5792295,-37.745028,484,Hyacintha,31
Shrimp - Black Tiger 26/30,53.43606,15.55039,465,Sula,4
Cakes Assorted,-2.4431287,114.2152731,424,Ainslee,17
Wine - Cousino Macul Antiguas,26.1050311,104.5991578,499,Jaymee,35
Bread - White Mini Epi,35.744798,96.4077358,471,Nisse,20
Icecream Cone - Areo Chocolate,57.1260445,43.8059949,127,Ambur,44
"Crab - Claws, Snow 16 - 24",54.7767925,56.0399438,380,Imojean,38
"Soup - Campbells, Spinach Crm",51.6078941,20.0494724,111,Jackelyn,38
Wooden Mop Handle,3.649442,-76.567956,254,Fanni,10
Fish - Bones,5.934363,-73.615679,331,Dalia,4
"Pasta - Rotini, Dry",48.5239429,37.7075811,193,Crissy,8
Dc - Sakura Fu,-6.7726186,110.8791343,370,Laurianne,24
Syrup - Chocolate,-8.6433591,116.4960979,286,Reeta,36
Skirt - 24 Foot,-8.2909,123.2391,365,Viole,39
Beans - Soya Bean,11.2748678,122.0534319,462,Ivette,25
Neckerchief Blck,53.7431909,18.6894607,214,Carry,23
Lid - 3oz Med Rec,14.4083543,121.0396806,212,Minnie,11
Heavy Duty Dust Pan,34.496651,69.079674,343,Ekaterina,5
"Crab - Claws, 26 - 30",62.4658095,6.2512238,136,Wilma,17
Creme De Cacao White,-34.7133717,-58.7231685,153,Ariana,40
"Roe - Lump Fish, Red",35.85544,102.43323,163,Loralie,20
"Pepsi, 355 Ml",42.8130176,23.2154337,423,Auberta,12
Nantucket - Orange Mango Cktl,-6.3414379,106.9831434,309,Rubetta,17
Cheese - Goat With Herbs,53.1595566,19.3969614,158,Anna,6
Soup Campbells Split Pea And Ham,24.324999,103.78883,326,Maurita,4
Muffin - Carrot Individual Wrap,35.881896,14.401413,295,Patty,43
Gloves - Goldtouch Disposable,29.116031,112.567886,324,Mollee,1
Sachet,0,2.8125,430,Bobbee,25
"Wine - Mas Chicet Rose, Vintage",41.6,-93.61,207,Caresse,34
"Oil - Truffle, Black",61.063264,42.0892601,191,Karrie,35
Mussels - Frozen,41.8210285,20.9641822,138,Tallie,3
Longos - Chicken Curried,0.556948,109.374802,346,Junia,49
Avocado,10.664587,106.1816196,221,Charlena,43
Lambcasing,37.2425649,111.8568586,166,Carolyn,44
Sausage - Meat,32.085484,112.124371,445,Jacquelin,27
Cake - Miini Cheesecake Cherry,45.5288007,17.8803474,266,Robin,22
Kellogs All Bran Bars,49.0993758,-1.0793373,267,Kiley,19
Cake - Dulce De Leche,56.4428126,59.129251,148,Talia,38
Soup - Campbells Mac N Cheese,8.7009282,106.6114474,213,Zonda,45
Pastry - Baked Scones - Mini,12.6679167,123.9881642,458,Faye,8
Veal - Bones,49.879152,15.9316109,374,Taryn,16
Flower - Daisies,58.9955511,16.2054756,256,Janina,44
External Supplier,40.104785,117.116756,170,Ivy,3
"Tortillas - Flour, 12",34.8702789,138.2530386,239,Stormy,40
Soupfoamcont12oz 112con,35.7493724,10.7069688,251,Julia,29
Salt - Table,-21.7096172,-47.4696376,193,Charmian,16
Grapefruit - Pink,27.1252867,-13.1625005,164,Lea,38
Cut Wakame - Hanawakaba,-7.823074,110.1576731,454,Jelene,15
"Beef - Outside, Round",25.555534,118.341965,293,Colette,18
"Melon - Watermelon, Seedless",-11.2780052,-37.5747647,494,Breena,33
"Wine - White, Cooking",-31.948311,115.865678,142,Chiquita,23
"Salsify, Organic",41.5370005,-6.9617993,133,Lisa,35
Honey - Lavender,43.0429124,1.9038837,204,Katerina,36
Spinach - Baby,59.3777955,17.9613181,423,Libbi,14
Dried Figs,29.204461,116.512037,131,Melisenda,13
Cheese - Brick With Pepper,25.448371,118.296139,347,Nicolea,23
Dried Cranberries,9.1375974,-75.2128996,116,Malorie,37
Towel Dispenser,31.190479,31.523649,107,Leann,8
"Pasta - Detalini, White, Fresh",32.174202,34.802932,189,Danna,50
Zucchini - Yellow,25.1434095,-12.3714463,429,Kyla,49
Spinach - Baby,26.647661,106.630153,256,Leonora,26
Dragon Fruit,52.3359637,25.9862701,113,Margarete,4
"Lentils - Red, Dry",51.9138694,-8.1722173,367,Feodora,33
Cheese - Shred Cheddar / Mozza,49.69427,22.0193601,472,Stefanie,45
Glass Clear 7 Oz Xl,50.85253,24.32364,209,Bertha,9
"Sparkling Wine - Rose, Freixenet",-8.0770577,112.4827889,474,Mavis,8
Trueblue - Blueberry,36.0458806,-95.8562271,157,Milli,37
Ice Cream Bar - Oreo Sandwich,21.1127551,-76.1334449,112,Desirae,50
Liqueur - Melon,42.0328151,-8.6450785,215,Nelle,3
Vinegar - White Wine,31.223128,121.454382,361,Opalina,29
Chutney Sauce,55.3226595,38.7095805,201,Elfie,21
Dried Apple,50.111779,18.7966419,207,Suzie,21
Rolled Oats,60.6302526,28.7309501,184,Lyndsey,31
Sole - Fillet,17.7032238,103.2317225,374,Thia,12
Lambcasing,28.13593,121.231805,303,Sile,45
Nescafe - Frothy French Vanilla,50.795058,124.291125,340,Donelle,15
Puff Pastry - Slab,20.4360818,-97.3401785,409,Joeann,18
Sweet Pea Sprouts,43.1627276,45.6198851,498,Erinna,17
Bar Special K,36.7821,117.032171,207,Mina,42
Quail - Jumbo Boneless,27.440523,109.946012,439,Estrellita,32
Cream - 10%,40.5323093,49.710366,423,Lynde,2
Pastry - Raisin Muffin - Mini,14.2724013,-90.7746443,330,Vina,40
"Wine - Cahors Ac 2000, Clos",40.8021951,44.5395836,100,Nonie,27
Raisin - Golden,12.1941174,-1.8733017,169,Vevay,47
Pan Grease,56.9096602,12.4888867,392,Hester,22
"Veal - Leg, Provimi - 50 Lb Max",8.5914775,16.0757749,193,Deanne,29
Potatoes - Fingerling 4 Oz,23.1186718,113.3848198,294,Kelcey,43
Bread - Corn Muffaleta Onion,37.1504622,42.6726771,298,Lizzie,34
Jack Daniels,31.7776563,35.2324593,277,Annice,39
Sea Bass - Fillets,20.7019477,105.3306814,468,Zonda,11
Containter - 3oz Microwave Rect.,25.0676256,34.8789697,320,Arlinda,13
Wine - Guy Sage Touraine,40.4476834,25.5917918,120,Tildie,36
"Roe - Lump Fish, Black",-7.1501862,108.8105899,410,Andrea,43
Bread - Onion Focaccia,24.781681,118.552365,295,Thekla,21
Muffin Mix - Carrot,40.7247141,-8.5543395,304,Elke,19
"Soup - Canadian Pea, Dry Mix",6.8251698,-8.341016,425,Fayina,12
Wine - Manischewitz Concord,23.274583,113.69324,177,Britteny,1
Rabbit - Whole,54.1433253,-9.7359765,219,Hillary,49
Sauce - Hollandaise,7.9122744,98.3459726,250,Brittni,50
"Wine - White, Cooking",40.0016242,116.3878492,282,Ermentrude,49
"Brocolinni - Gaylan, Chinese",37.5267674,15.0586639,180,Barbabra,33
Truffle - Whole Black Peeled,40.2252364,-8.5846629,421,Othelia,48
Muffin Mix - Blueberry,54.2048528,73.5658901,140,Pennie,46
Table Cloth 91x91 Colour,33.45,-112.08,441,Karil,45
Pop Shoppe Cream Soda,-8.7368981,24.9872821,196,Aili,47
Sambuca Cream,44.9921453,40.6005314,276,Ree,50
Chocolate - Compound Coating,56.673312,22.574388,118,Oralle,25
Shrimp - Tiger 21/25,48.7226206,9.1584836,284,Aleta,38
Asparagus - Frozen,-6.9122509,109.7457739,244,Sella,26
Food Colouring - Pink,51.6705464,16.980572,409,Noami,6
Sauce - Caesar Dressing,-13.734009,-39.1478933,363,Lena,40
"Lamb - Leg, Diced",42.1041452,-8.24449,287,Maxine,7
Cloves - Ground,26.7418451,106.8211843,448,Juliet,39
"Oil - Food, Lacquer Spray",22.705124,113.316811,216,Jade,46
Shrimp - 150 - 250,7.061611,7.449732,409,Aggi,26
Toothpick Frilled,57.4388568,42.1747981,279,Diane,47
Yogurt - French Vanilla,15.44485,120.86256,277,Maire,47
Table Cloth 53x69 White,40.766965,114.740557,476,Eada,45
Sponge Cake Mix - Chocolate,49.8831056,18.3174408,219,Fredia,23
Cake - Dulce De Leche,48.9557844,2.8884608,229,Erna,42
Cup Translucent 9 Oz,36.632873,107.288356,451,Cicily,30
Lotus Rootlets - Canned,33.258244,115.374821,270,Ethelin,46
Pate Pans Yellow,33.9666752,-117.6181229,202,Ralina,25
V8 - Vegetable Cocktail,53.7925065,-113.6463436,470,Gillan,46
Trout Rainbow Whole,44.6035552,22.6098737,448,Tillie,30
Wonton Wrappers,-6.4930095,106.3875898,416,Michaeline,38
Chip - Potato Dill Pickle,45.3579767,17.7640023,365,Madelin,44
Carrots - Mini Red Organic,26.405715,106.256412,273,Verene,34
"Pasta - Fettuccine, Egg, Fresh",27.734109,112.535036,457,Juliet,28
Pork - Ground,-33.9905526,18.666796,128,Elbertina,29
Glove - Cutting,2.0469343,45.3181623,425,Joela,41
Island Oasis - Peach Daiquiri,37.335794,116.576092,356,Modesta,19
Bread - Raisin,-8.6091128,122.7781579,393,Rani,26
Juice - Cranberry 284ml,31.607383,35.03913,385,Zita,20
Butter Sweet,13.767897,100.5009637,166,Brett,8
Wine - Balbach Riverside,14.5699334,121.0204582,479,Wandie,12
Veal - Slab Bacon,10.9667039,107.0303221,254,Gabey,49
"Jam - Raspberry,jar",49.902219,20.636949,355,Betteanne,21
Fond - Neutral,38.067932,111.797083,226,Shaun,45
Madeira,-10.1155899,124.0919803,181,Kim,26
Bagelers - Cinn / Brown Sugar,44.8039803,19.2621377,249,Morganica,7
"Butter - Salted, Micro",49.26811,-100.99669,353,Verine,26
Beer - Tetleys,22.615932,112.634486,442,Marge,41
Cognac - Courvaisier,14.5679735,121.0210496,103,Madalyn,33
Napkin White - Starched,6.4675486,124.8060125,219,Deanne,28
Chinese Lemon Pork,33.7226749,59.1788204,379,Philipa,21
Wine - Balbach Riverside,-8.301379,-78.0084789,309,Amabelle,30
Roe - Flying Fish,36.983696,115.070598,149,Brandi,9
Island Oasis - Sweet And Sour Mix,37.5874845,22.7447696,478,Jacintha,31
Mushroom Morel Fresh,-22.4206096,-41.8625084,366,Agna,31
Bread - Onion Focaccia,22.7370366,106.1536828,101,Bianka,11
Bread - Calabrese Baguette,34.7,-118.14,356,Harriet,28
Plasticknivesblack,35,134.55,335,Jemima,36
"Wine - Red, Harrow Estates, Cab",28.845626,104.969882,439,Kimberly,11
Pie Box - Cello Window 2.5,53.2231057,6.5319506,301,Jazmin,37
Bread - Petit Baguette,39.662619,21.7357206,424,Mildrid,13
Beef - Inside Round,53.6911177,33.5027704,354,Deloria,10
Mushrooms - Honey,57.644628,11.9382097,242,Jsandye,18
Beef Striploin Aaa,-4.3920698,32.8986812,218,Clair,43
"Beef - Rouladin, Sliced",59.9381414,10.7652478,119,Tamarra,19
Corn Shoots,34.3193669,8.4074573,278,Mellie,3
Beer - Maudite,52.5424757,16.3067301,201,Rhianna,8
Corn Shoots,38.604702,100.825981,234,Lesli,7
"Pepsi - Diet, 355 Ml",25.489999,103.796167,152,Doris,46
Artichoke - Fresh,-7.6492089,111.4395128,231,Florinda,27
"Yeast - Fresh, Fleischman",14.8682154,120.4607543,497,Bridgette,2
Creme De Cacao Mcguines,33.92692,116.475691,272,Faye,23
"Yogurt - Peach, 175 Gr",35.5916647,37.0051383,181,Alla,20
Cheese - Comte,40.088917,122.089283,144,Romy,32
Energy Drink Red Bull,41.09028,128.29333,470,Abagael,36
"Champagne - Brights, Dry",12.4492291,98.6270628,469,Gilda,6
Apple - Custard,22.994717,113.608903,418,Glennis,29
"Cheese - Brie, Cups 125g",46.305746,16.3366066,310,Maddie,31
Onions - Pearl,26.5363305,88.0803051,466,Jana,36
Container Clear 8 Oz,19.7267712,-101.1850967,477,Kaela,7
Beets - Mini Golden,57.7236265,11.7360101,246,Alla,23
Soup - Campbells Tomato Ravioli,53.6978211,91.6963172,308,Kaycee,11
"Wine - White, Chardonnay",47.0165054,-68.1430064,374,Claudine,36
"Soup - Campbells, Butternut",-3.2342185,116.234153,486,Jessi,25
